{"Esp":{"Color":{"HSVColor":{"H":0.577294647693634,"S":0.9159291982650757,"V":0.886274516582489}},"TracerTrancparency":0.7,"DisplayNamesEnabled":false,"NamesEnabled":true,"RenderDistance":9000000000,"Size":16,"BlacklistedTeams":[],"BoxEsp":false,"TeamColors":true,"TracerThickness":1.6,"Thickness":1.5,"Transparency":0.9,"TracersEnabled":false,"OutlineColor":{"HSVColor":{"H":0,"S":0,"V":0}},"HealthEnabled":true,"DistanceEnabled":true,"TracerTo":"Head"},"WindowPosition":{"Position":{"Y":{"Scale":0.5,"Offset":-139},"X":{"Scale":0.5,"Offset":-200}}},"Version":1.2,"Aimbot":{"FovTransparency":1,"Wallbang":false,"FovSize":150,"ShowFov":false,"ThirdPerson":false,"BlacklistedTeams":[],"Smoothness":1,"SilentAim":false,"ClosestCharacter":false,"Snaplines":true,"SilentAimRedirect":"Head","Aimlock":"Head","ClosestCursor":true,"FovThickness":1,"SilentAimHitChance":100,"Enabled":false,"FovColor":{"HSVColor":{"H":0,"S":0,"V":1}},"FirstPerson":false}}